show_id,arena_id,sagir_id,dog_name_he,dog_name_en,breed_code,breed_name_he,class_id,order_id
1560,2598,1026333,Kalli,,1,"כלב רועים גרמני קצר שיער",411797,0
1560,2598,1025325,אריה,,1,"כלב רועים גרמני קצר שיער",411797,0
1560,2598,1026344,Voodo,,1,"כלב רועים גרמני קצר שיער",411797,0
1560,2598,1026346,Karma,,1,"כלב רועים גרמני קצר שיער",411797,0
1560,2598,1020806,Martin,,1,"כלב רועים גרמני קצר שיער",411800,0
1560,2598,1017458,EROS,,1,"כלב רועים גרמני קצר שיער",411802,0
1560,2598,1017462,ENDORRA,,1,"כלב רועים גרמני קצר שיער",411803,0
1560,2598,1016570,Lychee,,1,"כלב רועים גרמני קצר שיער",411803,0
1560,2598,1004080,,LEO,1,"כלב רועים גרמני קצר שיער",411804,0
1560,2598,147597,הארלי,harley,1,"כלב רועים גרמני קצר שיער",411805,0
1560,2598,1017460,ERIKA,,1,"כלב רועים גרמני קצר שיער",411805,0
1560,2598,1019518,"BELL - בל",,1,"כלב רועים גרמני קצר שיער",411805,0
1560,2598,148231,"זואי עמליה","Zoe Amalia",1,"כלב רועים גרמני קצר שיער",411807,0
1560,2598,1000189,,"Honda V.D. Tempelhoeve",1,"כלב רועים גרמני קצר שיער",411807,0
1560,2598,1000956,,"Pedro Vom Team Panoniansee",1,"כלב רועים גרמני קצר שיער",411808,0
1560,2598,148977,,Charisma,1,"כלב רועים גרמני קצר שיער",411809,0
1560,2598,16900,,"Lakshmi No Bartas Krasta",1,"כלב רועים גרמני קצר שיער",411811,0
1560,2598,1024449,,"Budapest of Kutlaca Skylight",10,"כלב צאן אנגלי עתיק ",411816,0
1560,2598,146536,,"Billy Of Blue Sky",10,"כלב צאן אנגלי עתיק ",411825,0
1560,2598,1021978,"Latin Lover",,15,"קולי ארוך שיער ",411848,0
1560,2598,1021980,"Love Is In The Air",,15,"קולי ארוך שיער ",411849,0
1560,2598,139658,Chester,,15,"קולי ארוך שיער ",411852,0
1560,2598,1002664,PANDA,,15,"קולי ארוך שיער ",411853,0
1560,2598,151662,,"Dare To Dream",15,"קולי ארוך שיער ",411853,0
1560,2598,152905,"Denver Col'Sasson","Denver Col'Sasson",15,"קולי ארוך שיער ",411856,0
1560,2598,125770,,Kismet,15,"קולי ארוך שיער ",411859,0
1560,2598,1024637,,Julia,16,"כלב רועים שטלנדי ",411865,0
1560,2598,1025519,,"jelly bean",16,"כלב רועים שטלנדי ",411865,0
1560,2598,1017670,"פלוקי floki",,16,"כלב רועים שטלנדי ",411872,0
1560,2598,150590,איווה,Iva,16,"כלב רועים שטלנדי ",411873,0
1560,2598,1024682,,"Amansi Denver",20,"וולש קורגי פמברוק ",411928,0
1560,2598,1026379,,"Ak-Magash Violet",20,"וולש קורגי פמברוק ",411929,0
1560,2598,1020562,,"Mateo De Alicante",20,"וולש קורגי פמברוק ",411930,0
1560,2598,1021397,,"Zelenaya Dolina Vesemir From Kaer Morhen (N/B)",20,"וולש קורגי פמברוק ",411930,0
1560,2598,1021806,,"Dev Dogs Elven Princess Zelda",20,"וולש קורגי פמברוק ",411931,0
1560,2598,1001078,,"Saymaa Kler Van-Gog",20,"וולש קורגי פמברוק ",411932,0
1560,2598,1016242,,"Corgi Red Hill Cedric",20,"וולש קורגי פמברוק ",411932,0
1560,2598,1006904,Legoshi,,20,"וולש קורגי פמברוק ",411932,0
1560,2598,1006907,"Wendy Amor",,20,"וולש קורגי פמברוק ",411933,0
1560,2598,143534,,Mosho-NB,20,"וולש קורגי פמברוק ",411933,0
1560,2598,1000365,,"Mistycor Reve Royal De Kaileen",20,"וולש קורגי פמברוק ",411933,0
1560,2598,1000167,,"Dorogoe Udovolstvie Uncle Sam",20,"וולש קורגי פמברוק ",411936,0
1560,2598,1019279,,"Viva Stich Life N/B",20,"וולש קורגי פמברוק ",411936,0
1560,2598,1005059,,"Vlaterfolg Kvanta Da Vida N/B",20,"וולש קורגי פמברוק ",411937,0
1560,2598,148563,"Elizabeth Eevee","Elizabeth Eevee",20,"וולש קורגי פמברוק ",411937,0
1560,2598,148212,Enigma,Enigma,20,"וולש קורגי פמברוק ",411937,0
1560,2598,16199,,"Ingermanlandija Gran Pri",20,"וולש קורגי פמברוק ",411938,0
1560,2598,1023739,,"Fly Even Higher By Ahmed Boziev",27,"סקיפרקה ",411948,0
1560,2598,148106,,"Good Game Boy",27,"סקיפרקה ",411952,0
1560,2598,1001062,,"T Golda Maeyer By Ahmed Boziev (N/B)",27,"סקיפרקה ",411953,0
1560,2598,1022439,,"Amaretto Magic King",99,"וולש קורגי קרדיגן",411994,0
1560,2598,1020792,Lucia,,99,"וולש קורגי קרדיגן",411995,0
1560,2598,18320,,"Ingermanlandija Brabus Yaffagate",99,"וולש קורגי קרדיגן",412000,0
1560,2598,18573,,"Luxberry Celebrity In Black",99,"וולש קורגי קרדיגן",412001,0
1560,2598,1027316,,"Ursa Major Dilorini",100,"בריארד ",412005,0
1560,2598,1025848,AMOR,,100,"בריארד ",412007,0
1560,2598,1004757,,"Obelix Dore De La Claire Noir",100,"בריארד ",412016,0
1560,2598,18920,,"Uriel Laur Heaven Devil",100,"בריארד ",412016,0
1560,2598,1005466,"Have A Nice Day",,101,"כלב רועים בלגי-גרוננדל ",412028,0
1560,2598,1004508,"Glittered Isabella",,101,"כלב רועים בלגי-גרוננדל ",412029,0
1560,2598,1026377,"Be the light lenor",,121,"בורדר קולי",412085,0
1560,2598,1024539,Chess,,121,"בורדר קולי",412088,0
1560,2598,1025817,Flash,,121,"בורדר קולי",412088,0
1560,2598,1023798,"צ'ופי Chupi",,121,"בורדר קולי",412088,0
1560,2598,1021283,טאקי,Taki,121,"בורדר קולי",412089,0
1560,2598,1026634,פאזל,,121,"בורדר קולי",412089,0
1560,2598,1023799,"קסם Kesem",,121,"בורדר קולי",412089,0
1560,2598,1018848,"Nights of Wonder",,121,"בורדר קולי",412091,0
1560,2598,1021388,,"New Dream's Border Pensiero Stupendo",121,"בורדר קולי",412092,0
1560,2598,1020054,,"Britain Border Heart N Soul",121,"בורדר קולי",412092,0
1560,2598,1025316,,"Wild Storm Malibu",121,"בורדר קולי",412092,0
1560,2598,1016467,לוסה,,121,"בורדר קולי",412093,0
1560,2598,1016468,שרי,,121,"בורדר קולי",412093,0
1560,2598,148582,"A Spoon Full of Sugar","A Spoon Full of sugar",121,"בורדר קולי",412093,0
1560,2598,153165,"קלואי ","KOLUI ",121,"בורדר קולי",412093,0
1560,2598,151399,דומינו,DOMINO,121,"בורדר קולי",412093,0
1560,2598,1000100,,"Welcome Chief Of Majlia",121,"בורדר קולי",412096,0
1560,2598,1016642,,"Sashdan Red Hot Lova",121,"בורדר קולי",412096,0
1560,2598,150766,"How Deep Is Your Love",,121,"בורדר קולי",412097,0
1560,2598,1005367,,"Vital Pet Delia Bright Star",121,"בורדר קולי",412097,0
1560,2598,1024720,סקאזי,,126,"כלב רועים בלגי-מלינוואה",412104,0
1560,2598,143602,,Mitchel,126,"כלב רועים בלגי-מלינוואה",412112,0
1560,2598,1001841,Sonic,,126,"כלב רועים בלגי-מלינוואה",412112,0
1560,2598,144607,Bentley,Bentley,128,"בירדד קולי",412128,0
1560,2598,1026318,,"Bright Way Joker Joni II",153,"כלב זאב צ'כי ",412150,0
1560,2598,1018995,נלה,Nala,153,"כלב זאב צ'כי ",412155,0
1560,2598,1022230,"Bring Home the Trophy",,158,"כלב רועים אוסטרלי ",412168,0
1560,2598,1025490,,"Be Careful Stormy Bellis",158,"כלב רועים אוסטרלי ",412168,0
1560,2598,1022341,"The story of Geisha - Sagwa",,158,"כלב רועים אוסטרלי ",412169,0
1560,2598,1021875,,"Beautiful Life Syzigia",158,"כלב רועים אוסטרלי ",412169,0
1560,2598,1005867,"Jail House Rock",,158,"כלב רועים אוסטרלי ",412172,0
1560,2598,143007,,"Chyngo ya",158,"כלב רועים אוסטרלי ",412172,0
1560,2598,19692,,"Nebesniy Aljans Cream Of The Crop",158,"כלב רועים אוסטרלי ",412172,0
1560,2598,1003177,,"Uralskiy Sad Harli",158,"כלב רועים אוסטרלי ",412172,0
1560,2598,1000218,,"Miracle Kascaro",158,"כלב רועים אוסטרלי ",412172,0
1560,2598,1001575,רוז,,158,"כלב רועים אוסטרלי ",412173,0
1560,2598,1001576,סאנשיין,,158,"כלב רועים אוסטרלי ",412173,0
1560,2598,1002969,Phoebe,,158,"כלב רועים אוסטרלי ",412173,0
1560,2598,1017062,wendy,,158,"כלב רועים אוסטרלי ",412173,0
1560,2598,1003217,"Levi's Grand Blue Diamond",,158,"כלב רועים אוסטרלי ",412173,0
1560,2598,1000269,,"Two If By Sea Fallcat",158,"כלב רועים אוסטרלי ",412176,0
1560,2598,18558,,"Rock Collection Des Terres De Khairyaca",158,"כלב רועים אוסטרלי ",412177,0
1560,2598,1007232,,"De La Noval Freedom II",158,"כלב רועים אוסטרלי ",412177,0
1560,2598,1022178,"Fame and Fortune",,167,"קולי קצר שיער",412203,0
1560,2598,1005302,"Sallah Shabati",,167,"קולי קצר שיער",412208,0
1560,2598,1021856,"Long Live The King",,203,"כלב רועים שוויצרי לבן",412296,0
1560,2598,1021860,"Late Night Talking",,203,"כלב רועים שוויצרי לבן",412297,0
1560,2598,1012734,"Inside Out",,203,"כלב רועים שוויצרי לבן",412300,0
1560,2598,1026983,,"Boss Of White Energy",203,"כלב רועים שוויצרי לבן",412302,0
1560,2598,1024945,,"Siena Amalia Celeste",1006,"כלב רועים גרמני ארוך שיער",412313,0
1560,2598,1003761,,"Melbourne von der Vallendarer Höhe",1006,"כלב רועים גרמני ארוך שיער",412318,0
1560,2598,1005454,מסון,,1006,"כלב רועים גרמני ארוך שיער",412318,0
1560,2598,1006455,אוריון,Orion,1006,"כלב רועים גרמני ארוך שיער",412318,0
1560,2598,1001906,LONA,,1006,"כלב רועים גרמני ארוך שיער",412319,0
1560,2598,1005449,מגה,Mega,1006,"כלב רועים גרמני ארוך שיער",412319,0
1560,2598,1000861,צ'אמפי,Champy,1006,"כלב רועים גרמני ארוך שיער",412322,0
1560,2598,152422,Mate,Mate,1022,"קלפי אוסטרלי",412338,0
1560,2598,152421,Chupacabra,Chupacabra,1022,"קלפי אוסטרלי",412339,0
1560,2598,1005978,,"Silver Dream Mini's Need You Now",555,"כלב רועים אמריקאי ננסי",412386,0
1560,2598,1021197,,"U'Jane De La Rive De Glovertown",3,ניופאונדלנד,412653,0
1560,2598,131885,,Boss,162,"קאנה קורסו ",413092,0
1560,2599,1024277,,BJORN,6,"פינצ'ר ננסי ",412410,0
1560,2599,1006891,,"Klan Miracle Alan",6,"פינצ'ר ננסי ",412418,0
1560,2599,1024948,,"Hardy von",23,דוברמן,412428,0
1560,2599,1019020,"Grifin Von",,23,דוברמן,412430,0
1560,2599,1025317,,"Cowabunga for Levante Oro",23,דוברמן,412433,0
1560,2599,1019021,"Grand Von",,23,דוברמן,412435,0
1560,2599,1014796,,"Dakini Vajra",23,דוברמן,412436,0
1560,2599,1019027,"Galaxy Von",,23,דוברמן,412436,0
1560,2599,1014797,Dryada,,23,דוברמן,412437,0
1560,2599,152293,ברניקי,Berniki,23,דוברמן,412440,0
1560,2599,1026877,,"Dasha Vom Residenzschloss",23,דוברמן,412441,0
1560,2599,145416,Serena,Serena,23,דוברמן,412441,0
1560,2599,142771,,"Eilat von",23,דוברמן,412446,0
1560,2599,151837,Charizard,Charizard,23,דוברמן,412447,0
1560,2599,138977,,Cleopatra,23,דוברמן,412448,0
1560,2599,1000651,,"GLORIS RAH-RAH",28,"שנאוצר ענק שחור ",412466,0
1560,2599,16849,,"Hagic vom Mecklenburger Land",28,"שנאוצר ענק שחור ",412467,0
1560,2599,1024774,"DON VITO CORLEONE",,35,"שנאוצר בינוני פל""מל ",412474,0
1560,2599,1020296,CHELENTANO,,35,"שנאוצר בינוני פל""מל ",412476,0
1560,2599,1016489,,"Tornado For Spicy Land Artax's Angels",35,"שנאוצר בינוני פל""מל ",412478,0
1560,2599,1018929,"Z Oscar",,35,"שנאוצר בינוני פל""מל ",412482,0
1560,2599,143995,Luciano,Luciano,35,"שנאוצר בינוני פל""מל ",412482,0
1560,2599,147772,"Quality of Gemma","Quality of Gemma",35,"שנאוצר בינוני פל""מל ",412483,0
1560,2599,152444,SALEROSA,SALEROSA,35,"שנאוצר בינוני פל""מל ",412483,0
1560,2599,1023210,,Finn,36,"שנאוצר בינוני שחור ",412490,0
1560,2599,1020061,,Enzo,36,"שנאוצר בינוני שחור ",412492,0
1560,2599,1017741,"Winner Takes It All",,37,"שנאוצר ננסי שחור ",412508,0
1560,2599,1020686,"Black Hot Chili Bonnie",,37,"שנאוצר ננסי שחור ",412509,0
1560,2599,150325,,VERDE,37,"שנאוצר ננסי שחור ",412515,0
1560,2599,1025390,,"Silver Reward of",38,"שנאוצר ננסי פלפל מלח",412520,0
1560,2599,1026939,,Olivia,38,"שנאוצר ננסי פלפל מלח",412521,0
1560,2599,1025388,,"Silver Rosebud of",38,"שנאוצר ננסי פלפל מלח",412521,0
1560,2599,1025473,"Galactic Star Artimeda",,38,"שנאוצר ננסי פלפל מלח",412523,0
1560,2599,1000290,,"Zvezda Detkina Elfrida Born To Win",38,"שנאוצר ננסי פלפל מלח",412531,0
1560,2599,1015374,"YOU'RE SPARK OF LIFE",,38,"שנאוצר ננסי פלפל מלח",412531,0
1560,2599,1026237,"Beautiful Masterpiece of",,39,"שנאוצר ננסי ש""כ ",412535,0
1560,2599,1026315,"Real Jewel of",,39,"שנאוצר ננסי ש""כ ",412537,0
1560,2599,1024436,,"Perfect Harmony of",39,"שנאוצר ננסי ש""כ ",412539,0
1560,2599,1018785,,"Elizabeth Beauty",39,"שנאוצר ננסי ש""כ ",412541,0
1560,2599,1017121,,"X-tra Dazzling of",39,"שנאוצר ננסי ש""כ ",412541,0
1560,2599,1014769,"Beautiful Bloom of",,39,"שנאוצר ננסי ש""כ ",412543,0
1560,2599,1003201,,"Rebelious Raphael z Dixie",39,"שנאוצר ננסי ש""כ ",412546,0
1560,2599,19178,,"Severnyie Afiny Zoloto Amori Marti",39,"שנאוצר ננסי ש""כ ",412547,0
1560,2599,149304,"Queen Desire of","Queen Desire of",39,"שנאוצר ננסי ש""כ ",412547,0
1560,2599,1005838,Nira,,124,"טרייר רוסי שחור ",412575,0
1560,2599,152180,Gucci,,124,"טרייר רוסי שחור ",412575,0
1560,2599,141528,,"Mighty North ",124,"טרייר רוסי שחור ",412578,0
1560,2599,19047,,"Elegiya Sokrovische Rusi",124,"טרייר רוסי שחור ",412579,0
1560,2599,1006809,,"NIAGARA Europica Varietas",124,"טרייר רוסי שחור ",412579,0
1560,2599,1023732,,"ALEN ASHEN FLYING KISS",34,"קוקר ספניאל אנגלי ",414827,0
1560,2599,1023731,,"ALEN ASHEN FOLLOW ME",34,"קוקר ספניאל אנגלי ",414827,0
1560,2599,1021614,Blum,,34,"קוקר ספניאל אנגלי ",414829,0
1560,2600,1020970,"ISR Hera the Queen",,2,"דני ענק חום מנומר ",412637,0
1560,2600,1024321,RAJA,,3,ניופאונדלנד,412650,0
1560,2600,1004956,Bear,,3,ניופאונדלנד,412654,0
1560,2600,145374,EVEREST,EVEREST,3,ניופאונדלנד,412658,0
1560,2600,145377,EMMA,EMMA,3,ניופאונדלנד,412659,0
1560,2600,1001686,אנדי,,5,"סן ברנרד ארוך שיער ",412687,0
1560,2600,1017146,"Future King",,12,"ברנר זננהונד ",412700,0
1560,2600,149586,,"Chosen One",12,"ברנר זננהונד ",412707,0
1560,2600,1027124,,"STARBORNBULLIES IT'S IN MY DNA",21,"בולדוג אנגלי ",412730,0
1560,2600,1023462,CASSIOPEIA,,21,"בולדוג אנגלי ",412731,0
1560,2600,137288,,"Evita Peron",21,"בולדוג אנגלי ",412739,0
1560,2600,1025569,Ragnar,,22,"בוקסר ",412744,0
1560,2600,1025574,Ruby,,22,"בוקסר ",412745,0
1560,2600,1025571,Rhea,,22,"בוקסר ",412745,0
1560,2600,1024679,"איירון מן","Iron Man",22,"בוקסר ",412746,0
1560,2600,1006380,"מגנום אופוס",,22,"בוקסר ",412750,0
1560,2600,1020901,,"Dakar Kuningas Von Kishko",22,"בוקסר ",412754,0
1560,2600,1000532,"Blue Chanel",,25,"מסטינו נפוליטנו ",412787,0
1560,2600,1000198,,Pacchiana,25,"מסטינו נפוליטנו ",412787,0
1560,2600,1016337,"Bordeaux Agramer Kwan",,68,"דוג דה בורדו ",412850,0
1560,2600,1002839,Simba,,90,"קה דה בו (דוגו מלורקווין)",412882,0
1560,2600,1024672,,"Ulrar Star Da Casa Alto Cristelo",118,"בול מסטיף ",412955,0
1560,2600,1003494,Hoocha,,118,"בול מסטיף ",412959,0
1560,2600,1016747,,"Shaped To Succeed De Terras Lustitanas",118,"בול מסטיף ",412963,0
1560,2600,1023592,סימבה,,130,"כלב רועים קווקזי ",412970,0
1560,2600,1027307,,"Maksan Daur Don",130,"כלב רועים קווקזי ",412970,0
1560,2600,1023593,נלה,,130,"כלב רועים קווקזי ",412971,0
1560,2600,1021295,Dave,,130,"כלב רועים קווקזי ",412972,0
1560,2600,1026138,,"URSU DE BRAILITA",130,"כלב רועים קווקזי ",412972,0
1560,2600,1026137,,AKIRA,130,"כלב רועים קווקזי ",412973,0
1560,2600,1026136,,A-XENA,130,"כלב רועים קווקזי ",412973,0
1560,2600,152673,,Firangiz,130,"כלב רועים קווקזי ",412975,0
1560,2600,1005403,,Fedor,130,"כלב רועים קווקזי ",412978,0
1560,2600,146581,Lili,,130,"כלב רועים קווקזי ",412979,0
1560,2600,129794,,"Fortune Cerulean",150,"דני ענק כחול ",413061,0
1560,2600,1026896,Raily,,162,"קאנה קורסו ",413079,0
1560,2600,1026897,,Alfa,162,"קאנה קורסו ",413079,0
1560,2600,1023708,Amigo,,162,"קאנה קורסו ",413082,0
1560,2600,1021709,Navy,,162,"קאנה קורסו ",413083,0
1560,2600,1021702,Rachel,,162,"קאנה קורסו ",413083,0
1560,2600,1017597,Dizel,,162,"קאנה קורסו ",413084,0
1560,2600,1027088,,"Jakanan Terra Dei Baroni",162,"קאנה קורסו ",413084,0
1560,2600,1017595,Chief,,162,"קאנה קורסו ",413084,0
1560,2600,1022924,Gaya,,162,"קאנה קורסו ",413085,0
1560,2600,1012034,פרימו,,162,"קאנה קורסו ",413086,0
1560,2600,1004651,Raga,,162,"קאנה קורסו ",413087,0
1560,2600,1005729,Marvel,,162,"קאנה קורסו ",413087,0
1560,2600,1001225,,"Happy Nkm Andrax Gold",162,"קאנה קורסו ",413087,0
1560,2600,1017594,Blue,,162,"קאנה קורסו ",413090,0
1560,2600,1002072,Loki,,162,"קאנה קורסו ",413090,0
1560,2600,152931,,lapis,162,"קאנה קורסו ",413091,0
1560,2600,1004644,Glory,,162,"קאנה קורסו ",413091,0
1560,2600,131365,ג'ינו,Gino,162,"קאנה קורסו ",413092,0
1560,2600,1006589,Obelix,,1015,"מסטיף דר' אפריקאי בורבול",413166,0
1560,2601,1026777,,"Perhaps Suzie Wong",42,"סקוטיש טרייר ",413241,0
1560,2601,1023434,,"Filisite Brash You My Spice",42,"סקוטיש טרייר ",413243,0
1560,2601,1022961,,"Amatory Soul Charizma",42,"סקוטיש טרייר ",413243,0
1560,2601,1019093,Kleopatra,,42,"סקוטיש טרייר ",413245,0
1560,2601,1000306,,"Free Choice Dai Hard",42,"סקוטיש טרייר ",413250,0
1560,2601,1000652,,"Perhaps Suki Suki Daisuki",42,"סקוטיש טרייר ",413250,0
1560,2601,19255,,"Misting's Ornamental Onion",42,"סקוטיש טרייר ",413250,0
1560,2601,151473,"Agent Provocateur","Agent Provocateur",42,"סקוטיש טרייר ",413250,0
1560,2601,19279,,"Ya Super Ot Bumage",42,"סקוטיש טרייר ",413251,0
1560,2601,151474,"Always With You","Always With You",42,"סקוטיש טרייר ",413251,0
1560,2601,1027286,"Billie Eilish",,43,"סקיי טרייר ",413255,0
1560,2601,1023706,,"Finnsky Giovanni",43,"סקיי טרייר ",413258,0
1560,2601,1027159,"SWAN'S ALBA",,43,"סקיי טרייר ",413258,0
1560,2601,1002834,,"Santa Lucia",43,"סקיי טרייר ",413267,0
1560,2601,141737,"פורטונאיס פאריטאל","Fortune's Fairytale",46,"לייקלנד טרייר ",413315,0
1560,2601,1026285,"Le Magnificent Lollipop of",,49,"אירדייל טרייר ",413353,0
1560,2601,1021780,"Fabulous Gemstone of",,49,"אירדייל טרייר ",413354,0
1560,2601,1021783,,"Fabulous Grace of",49,"אירדייל טרייר ",413357,0
1560,2601,1001154,,"Your Majesty the Kind of",49,"אירדייל טרייר ",413362,0
1560,2601,1001148,,"Y-Elizaveta the Kind of",49,"אירדייל טרייר ",413363,0
1560,2601,1025849,,"Heart Of Eternity",50,"ווסט היילנד וייט טרייר",413369,0
1560,2601,1026382,,"Bogarhazi Pandora's Box",50,"ווסט היילנד וייט טרייר",413369,0
1560,2601,1024910,"ים שקט",,50,"ווסט היילנד וייט טרייר",413370,0
1560,2601,1010741,Bigi,,50,"ווסט היילנד וייט טרייר",413374,0
1560,2601,1004593,"Millennium Star",,50,"ווסט היילנד וייט טרייר",413378,0
1560,2601,17861,,"Silverbug Dvasch",50,"ווסט היילנד וייט טרייר",413378,0
1560,2601,139787,"תופין צפיחית מתוקה","Tufin Tzapichit Metuka",50,"ווסט היילנד וייט טרייר",413379,0
1560,2601,1023806,"The Royal Favourite Kevin",,88,"יורקשייר טרייר ",413402,0
1560,2601,1022476,CASPER,,88,"יורקשייר טרייר ",413402,0
1560,2601,1021751,,"Game Never Ends",88,"יורקשייר טרייר ",413403,0
1560,2601,1020344,,"Be Unique my Charlotte",88,"יורקשייר טרייר ",413403,0
1560,2601,1021598,"Taira Black Gold",,88,"יורקשייר טרייר ",413403,0
1560,2601,1023608,Adele,,88,"יורקשייר טרייר ",413403,0
1560,2601,1024206,Chanel,,88,"יורקשייר טרייר ",413403,0
1560,2601,1024750,,"Magic Silk Shanell",88,"יורקשייר טרייר ",413403,0
1560,2601,1024599,,"Sijevale Millionaire",88,"יורקשייר טרייר ",413404,0
1560,2601,1001178,,"X-Flash Victory Sharbest",88,"יורקשייר טרייר ",413406,0
1560,2601,1000451,Macarena,Macarena,88,"יורקשייר טרייר ",413407,0
1560,2601,1016608,ALPINA,,88,"יורקשייר טרייר ",413407,0
1560,2601,1018969,"Miss Dior",,88,"יורקשייר טרייר ",413407,0
1560,2601,1002614,,"AS BRIGHT AS A FLAME",88,"יורקשייר טרייר ",413407,0
1560,2601,153259,,"One and only my Lucifer",88,"יורקשייר טרייר ",413410,0
1560,2601,1005708,"Treasure of My Heart",,88,"יורקשייר טרייר ",413410,0
1560,2601,1020955,"Charity Flower Katrin",,133,"בדלינגטון טרייר ",413437,0
1560,2601,1019565,"Daghan Daigh",,137,"אייריש טרייר ",413468,0
1560,2601,1024708,UNA,,140,"בול טרייר ננסי ",413481,0
1560,2601,1024709,CASH,,140,"בול טרייר ננסי ",413481,0
1560,2601,1024425,"Arthur Conan Doyle",,140,"בול טרייר ננסי ",413482,0
1560,2601,1026627,,"Excellent Adventure Venturesome",140,"בול טרייר ננסי ",413482,0
1560,2601,1017629,"Bella Fortuna bet on success",,140,"בול טרייר ננסי ",413485,0
1560,2601,1004041,,"Amtalif Little Big",140,"בול טרייר ננסי ",413486,0
1560,2601,1003218,מונטי,,140,"בול טרייר ננסי ",413486,0
1560,2601,151974,"Roza Smaroza","Roza Smaroza",140,"בול טרייר ננסי ",413487,0
1560,2601,1001470,,"Moolti Asti",140,"בול טרייר ננסי ",413487,0
1560,2601,1005123,,"Frank Marino All In Bull",140,"בול טרייר ננסי ",413490,0
1560,2601,19111,,"Hjohoo's Hjo Make Me Smile",143,"קאירן טרייר ",413522,0
1560,2601,1006420,"Diving Love Iva",,144,"פוקס טרייר שיער זיפי ",413535,0
1560,2601,18672,,"Viva Quality Catch Your Luck",144,"פוקס טרייר שיער זיפי ",413538,0
1560,2601,148050,"Winter Star Willy","Winter Star Willy",144,"פוקס טרייר שיער זיפי ",413538,0
1560,2601,1006421,"Bringing Joy Ivetta",,144,"פוקס טרייר שיער זיפי ",413539,0
1560,2601,19383,,"Modny Style Chelsea",186,"טרייר אירי רך שיער ",413603,0
1560,2601,1025819,"Heart of Gold",,195,"ג'ק ראסל טרייר ",413625,0
1560,2601,1023337,Boten,,195,"ג'ק ראסל טרייר ",413627,0
1560,2601,1002632,,"Toremar Uventa Gabriella",195,"ג'ק ראסל טרייר ",413635,0
1560,2601,1023300,,"Gladiol Hamentashen",1003,"טרייר צ'כי",413658,0
1560,2601,1022059,"DOMINICA AUTUMN DREAM",,1031,"טרייר אמריקאי קירח",413693,0
1560,2601,918050,"Loki James Terry Ram Jr.",,1031,"טרייר אמריקאי קירח",413694,0
1560,2602,1023256,"Zehava Alsephina",,73,"דקל ננסי קצר שיער",413707,0
1560,2602,1023100,,"Anzhos Kapriz Liusiy",73,"דקל ננסי קצר שיער",413709,0
1560,2602,1019495,Yaffa,,73,"דקל ננסי קצר שיער",413709,0
1560,2602,1021168,Houston,,73,"דקל ננסי קצר שיער",413709,0
1560,2602,1019325,Jomolungma,,73,"דקל ננסי קצר שיער",413711,0
1560,2602,1012755,Furore,,73,"דקל ננסי קצר שיער",413714,0
1560,2602,19063,,"Line of Life Tennessee",73,"דקל ננסי קצר שיער",413715,0
1560,2602,1019489,Ofra,,73,"דקל ננסי קצר שיער",413715,0
1560,2602,1021845,,"Adamantinensis Jet Set",74,"דקל ננסי ארוך שיער",413724,0
1560,2602,131107,,Eshel,74,"דקל ננסי ארוך שיער",413733,0
1560,2602,1026700,,Rency,75,"דקל סטנדרט קצר שיער",413737,0
1560,2602,1025240,,Quentin,75,"דקל סטנדרט קצר שיער",413738,0
1560,2602,1023534,"First Piek Chandler Bing for Keren Shemesh",,75,"דקל סטנדרט קצר שיער",413738,0
1560,2602,1025245,,Quirky,75,"דקל סטנדרט קצר שיער",413739,0
1560,2602,1023536,"Monica Geller",,75,"דקל סטנדרט קצר שיער",413739,0
1560,2602,1018792,"Orlando Bloom",,75,"דקל סטנדרט קצר שיער",413740,0
1560,2602,1020233,Mako Renji,,75,"דקל סטנדרט קצר שיער",413740,0
1560,2602,1020238,"Pearl Black Veronica",,75,"דקל סטנדרט קצר שיער",413741,0
1560,2602,1020237,Patricua-Sophia,,75,"דקל סטנדרט קצר שיער",413741,0
1560,2602,1018793,"Fire Whiskey",,75,"דקל סטנדרט קצר שיער",413741,0
1560,2602,17961,,"Floor V.D Waerdse Keizers",75,"דקל סטנדרט קצר שיער",413747,0
1560,2602,152305,"Miss Chelsea","Miss Chelsea",75,"דקל סטנדרט קצר שיער",413747,0
1560,2602,152304,"margarita navarskaya","margarita navarskaya",75,"דקל סטנדרט קצר שיער",413747,0
1560,2602,1008504,,"Kosta Felicitas Ursula",75,"דקל סטנדרט קצר שיער",413747,0
1560,2602,17993,,"Vince Von Damsmuhle",76,"דקל סטנדרט ארוך שיער",413762,0
1560,2602,1021079,,"Magik Rainbow Francis Nurnrjian",149,"דקל ננסי שיער זיפי",413772,0
1560,2602,1021080,,"Magik Rainbow Flash",149,"דקל ננסי שיער זיפי",413773,0
1560,2602,1001639,"Diamante Nera",,149,"דקל ננסי שיער זיפי",413775,0
1560,2602,1026910,,"Olimpica II Iz Novo Peredelkino",168,"דקל סטנדרט שיער זיפי",413787,0
1560,2602,1024114,,"Honey Moon Hunters Amore Mio",181,"דקל זעיר ארוך שיער",413803,0
1560,2602,1026796,,"Vlyublen Po Sobstvennomu Zhelanyu",1001,"דקל זעיר קצר שיער",413820,0
1560,2602,1021163,Granada,,1001,"דקל זעיר קצר שיער",413821,0
1560,2602,1000155,,"Line of Life Baden Baden",1001,"דקל זעיר קצר שיער",413826,0
1560,2602,19331,,"Izumrudnaya Skazka Cvet Vishni",1001,"דקל זעיר קצר שיער",413827,0
1560,2602,1000157,,"Line Of Life Asti Martini",1001,"דקל זעיר קצר שיער",413827,0
1560,2603,1020535,אריה,,126,"כלב רועים בלגי-מלינוואה",412110,0
1560,2603,1019311,"קירו - KIRO",,58,"אלסקן מלמוט ",413854,0
1560,2603,1016683,,"Luella Best Fairy",58,"אלסקן מלמוט ",413855,0
1560,2603,1000276,,"Bern Solar Wind",58,"אלסקן מלמוט ",413858,0
1560,2603,1020937,"PRINCESS SANSA XENA BUFFY",,61,"סמוייד ",413899,0
1560,2603,1021029,,"Winterhold  Pandora Power Of The Gods",61,"סמוייד ",413903,0
1560,2603,1006047,Snow,,61,"סמוייד ",413906,0
1560,2603,1022480,,"Lucifer Morning Star",63,"קיסהונד ",413932,0
1560,2603,1020425,INFINITY,,63,"קיסהונד ",413933,0
1560,2603,18685,,"Almaznyi Istochnk v Bryzgakh Shampanskogo",63,"קיסהונד ",413938,0
1560,2603,1003771,Zephyrk,,64,"צ'או צ'או ",413951,0
1560,2603,1017412,Caesar,,64,"צ'או צ'או ",413954,0
1560,2603,19681,,"Together Forever Santa Haus",64,"צ'או צ'או ",413954,0
1560,2603,1017977,גבריאלה,Gabriela,65,"כלב כנעני",413965,0
1560,2603,1002722,געש,,65,"כלב כנעני",413966,0
1560,2603,1002721,"גומא GOME",,65,"כלב כנעני",413970,0
1560,2603,504776,,Hamada,65,"כלב כנעני",413971,0
1560,2603,1022052,,"Bethany od Dvou cedru",65,"כלב כנעני",413971,0
1560,2603,113305,"גאוות ישראל מ","Gaavat Israel me",65,"כלב כנעני",413973,0
1560,2603,1027183,"BELLISSIMO KENZO RE DEL MIO CUORE",,95,"פומרניין ",413990,0
1560,2603,1027182,"PICCOLA LA REGINA DEL MIO CUORE",,95,"פומרניין ",413991,0
1560,2603,1024915,"Montain Crest",,95,"פומרניין ",413994,0
1560,2603,1022117,PEPSI,,95,"פומרניין ",413995,0
1560,2603,1022837,Amy,,95,"פומרניין ",413995,0
1560,2603,1021377,GIVENCHY,,95,"פומרניין ",413995,0
1560,2603,1023374,מיילי,,95,"פומרניין ",413995,0
1560,2603,1021376,GISADA,,95,"פומרניין ",413995,0
1560,2603,1017439,Farinelli,,95,"פומרניין ",413996,0
1560,2603,1025190,,"Tauro Kennel JP Zambezi",95,"פומרניין ",413996,0
1560,2603,1021427,,"Tauro Kennel JP Japura",95,"פומרניין ",413997,0
1560,2603,1017839,Kinder,,95,"פומרניין ",413997,0
1560,2603,1000207,,"Dan Star Kom Bravo Winner Encore",95,"פומרניין ",413998,0
1560,2603,1017838,Chiara,,95,"פומרניין ",413999,0
1560,2603,1012778,,"Rizhee Chudo Cefina",95,"פומרניין ",413999,0
1560,2603,151746,Tesla,,95,"פומרניין ",413999,0
1560,2603,1002724,,"Victory's Plame Versalle II",95,"פומרניין ",413999,0
1560,2603,148494,"Ava Marie","Ava Marie",95,"פומרניין ",413999,0
1560,2603,148492,"Atlanta Princess","Atlanta Princess",95,"פומרניין ",413999,0
1560,2603,18425,,"Bellissimo Star Vito Di Gaspar",95,"פומרניין ",414002,0
1560,2603,152011,"Eastern wind","Eastern wind",95,"פומרניין ",414002,0
1560,2603,15660,,"Pom4you Story Of My Life",95,"פומרניין ",414005,0
1560,2603,1024113,,"Xolomania Percival",97,"כלב מקסיקני קירח",414018,0
1560,2603,1005977,,"Serena Elements Of Life",97,"כלב מקסיקני קירח",414019,0
1560,2603,1027308,"ניק-פוכס וינר",,123,"בסנג'י ",414054,0
1560,2603,1027309,פרי,Peri,123,"בסנג'י ",414054,0
1560,2603,1026500,"LUCAS STORMWHISPER",,123,"בסנג'י ",414054,0
1560,2603,1026497,"LEXA MOONFIRE",,123,"בסנג'י ",414055,0
1560,2603,1025247,,"Shel Ma Mysterious Talisman",123,"בסנג'י ",414059,0
1560,2603,1021164,,"Transylvanian Black Diamond Florence",123,"בסנג'י ",414059,0
1560,2603,146462,,"	Ice-T Song of The Wild",123,"בסנג'י ",414066,0
1560,2603,1005502,,"Solo Mysterious Talisman",123,"בסנג'י ",414066,0
1560,2603,1000745,,"Dar Bony Sona Francisco",123,"בסנג'י ",414066,0
1560,2603,151724,"Moonlight Path",,123,"בסנג'י ",414067,0
1560,2603,19036,,"Nozomi No Kumo Go Sanuki Shirouchisou",129,"שיבה ",414082,0
1560,2603,153296,Bunjirou,Bunjirou,129,"שיבה ",414082,0
1560,2603,146146,"שינטואינו אקארי","Shinatoinu Akari",129,"שיבה ",414083,0
1560,2603,1027104,,"Maho Mirai Galana",155,"שפיץ יפני ",414089,0
1560,2603,1027095,,"Amanogava Zhak Amadeus",155,"שפיץ יפני ",414090,0
1560,2603,1022917,"Adara Canis Star",,155,"שפיץ יפני ",414091,0
1560,2603,1026120,,"Amanogava Bleys",155,"שפיץ יפני ",414093,0
1560,2603,1005402,,"Hoko Stars Of Ekaterinoslav",155,"שפיץ יפני ",414098,0
1560,2603,1024843,Sakuya,,169,"אקיטה אמריקאי ",414105,0
1560,2603,385704,,"Amaras Legend Vagner",169,"אקיטה אמריקאי ",414114,0
1560,2603,1000858,,"Stecal'S Blazing Thunder",169,"אקיטה אמריקאי ",414115,0
1560,2603,1016757,Leny,,169,"אקיטה אמריקאי ",414115,0
1560,2603,1026491,Aiko,,170,"אקיטה ",414119,0
1560,2603,146586,,"ZUKOU go",170,"אקיטה ",414130,0
1560,2603,1001414,,"CHO GO AIKENSOU JP",170,"אקיטה ",414131,0
1560,2603,152594,"Dominic Toretto","Dominic Toretto",173,"שפיץ גרמני קטן צבע אחר",414162,0
1560,2603,1023588,"Andarna dragon sun and shadows",,1016,"כלב פרואני קירח-בינוני",414315,0
1560,2603,1018991,"Appolonius of Rhodes",,1016,"כלב פרואני קירח-בינוני",414322,0
1560,2603,1000820,,"Platonia Omorphia van Edelsieger",1016,"כלב פרואני קירח-בינוני",414323,0
1560,2603,1018904,ADONIS,,1023,"תאי רידג'בק",414380,0
1560,2603,1018994,"Adrastea Nemesida",,1040,"כלב פרואני קירח-קטן",414415,0
1560,2604,138894,,Kay,1,"כלב רועים גרמני קצר שיער",411806,0
1560,2604,1026882,אלכס,,9,"דלמטי ",414439,0
1560,2604,1020571,,"Obsidian Snowflake Ultimatum",9,"דלמטי ",414444,0
1560,2604,145862,ריי,rey,9,"דלמטי ",414450,0
1560,2604,145860,אפולו,apollo,9,"דלמטי ",414450,0
1560,2604,1016588,,"Spotty Diamant Rolex",9,"דלמטי ",414450,0
1560,2604,19707,,"Lavina Lubvi Love Apple",9,"דלמטי ",414451,0
1560,2604,385702,,"Spotted Angels Victoria",9,"דלמטי ",414451,0
1560,2604,1000158,,"Grand Cortege Serenity",52,"רודיז'אן רידג'בק ",414467,0
1560,2604,145453,"utah ridge","Utah Ridge",52,"רודיז'אן רידג'בק ",414467,0
1560,2604,1000788,,"Tamid Tihiye Lanu Frankfurt",52,"רודיז'אן רידג'בק ",414467,0
1560,2604,126947,,"Zetes II",52,"רודיז'אן רידג'בק ",414468,0
1560,2604,126952,,"Zeus II",52,"רודיז'אן רידג'בק ",414468,0
1560,2604,1000190,,"Goldenessence Blondie In Action",71,"באסט ",414495,0
1560,2604,149706,,"AMillion Dreams Asher",71,"באסט ",414498,0
1560,2604,149707,,"Alors On Dance Johnny",71,"באסט ",414498,0
1560,2604,1016297,"Alhena Stream of Passion",,71,"באסט ",414499,0
1560,2604,1017239,ג'וי,,72,"ביגל ",414509,0
1560,2604,1025121,,"Aviatrix's High On Somethin'",72,"ביגל ",414509,0
1560,2604,1016245,"The Iron Throne",,72,"ביגל ",414510,0
1560,2604,1020078,,"Bory Wood Jazz",72,"ביגל ",414510,0
1560,2604,1002265,Rocco,,72,"ביגל ",414510,0
1560,2604,1000090,,Bilana,72,"ביגל ",414511,0
1560,2604,1020657,,"Fanta's Brand Front Page News",72,"ביגל ",414511,0
1560,2604,1000159,,"Great Success Maritem Crew",72,"ביגל ",414514,0
1560,2604,1016244,"King of The Castel",,72,"ביגל ",414514,0
1560,2604,1000139,,"Karakush My Cup Runneth Over",72,"ביגל ",414515,0
1560,2604,133973,,"Only For Me",72,"ביגל ",414515,0
1560,2604,1019296,,"Dasen Prime Desert Rose",72,"ביגל ",414515,0
1560,2604,1025187,,"Soletrader Snoozeuloose",145,"פטיט באסט גריפון ואנדן",414538,0
1560,2604,1002940,"Hunter Bono",,30,"ויז'לה קצר שיער ",414610,0
1560,2605,1007067,יונתן,Yontan,29,"וימרנר קצר שיער ",414594,0
1560,2605,1025965,Manchego,,30,"ויז'לה קצר שיער ",414598,0
1560,2605,1022299,,"Zack Of Skyrocket",30,"ויז'לה קצר שיער ",414602,0
1560,2605,1021962,"Brilliance Gloria",,30,"ויז'לה קצר שיער ",414603,0
1560,2605,1017963,Kroif,,30,"ויז'לה קצר שיער ",414604,0
1560,2605,1017372,Jaclyn_Zoe,,30,"ויז'לה קצר שיער ",414605,0
1560,2605,1010918,,"Gyurkovari Maros",30,"ויז'לה קצר שיער ",414606,0
1560,2605,153496,Faddeus,Faddeus,30,"ויז'לה קצר שיער ",414606,0
1560,2605,1000119,,"Slavinja Hematyna",30,"ויז'לה קצר שיער ",414607,0
1560,2605,1001884,Greise,,30,"ויז'לה קצר שיער ",414607,0
1560,2605,1006748,Allora,,30,"ויז'לה קצר שיער ",414607,0
1560,2605,17318,,"Magasparti Rutinos Iram",30,"ויז'לה קצר שיער ",414608,0
1560,2605,1001876,"Good Archibald",,30,"ויז'לה קצר שיער ",414610,0
1560,2605,148333,,Dakota,30,"ויז'לה קצר שיער ",414611,0
1560,2605,1026879,,XenaDeCasaZelantuza,160,"בריטני ספניאל ",414699,0
1560,2605,1001359,"PARADIZE פרדיס",,1033,"בראקו איטליאנו",414783,0
1560,2606,1025657,Ray,,7,"לברדור רטריבר ",414790,0
1560,2606,1027081,"Sir Newton",,7,"לברדור רטריבר ",414790,0
1560,2606,1026814,"Kora Sigdis",,7,"לברדור רטריבר ",414791,0
1560,2606,1027106,,"Hit Of Hit Chevy Chase",7,"לברדור רטריבר ",414792,0
1560,2606,1025777,"Truffle Of The Fairy Forest",,7,"לברדור רטריבר ",414793,0
1560,2606,1021399,PABLO,,7,"לברדור רטריבר ",414794,0
1560,2606,1020819,Graf,,7,"לברדור רטריבר ",414794,0
1560,2606,1023691,,"Rusmairas Pepsi",7,"לברדור רטריבר ",414795,0
1560,2606,1021328,TZOKIT,,7,"לברדור רטריבר ",414797,0
1560,2606,1022057,,"Nubiya Iz Solnechnogo Doma",7,"לברדור רטריבר ",414797,0
1560,2606,1019384,"ניקי Nici",,7,"לברדור רטריבר ",414797,0
1560,2606,1005014,Ralphie,,7,"לברדור רטריבר ",414798,0
1560,2606,1024684,,"Rocheby Rugby",7,"לברדור רטריבר ",414798,0
1560,2606,150366,ניקי,NIKI,7,"לברדור רטריבר ",414799,0
1560,2606,1016789,,"Rusmairas Ural",7,"לברדור רטריבר ",414802,0
1560,2606,1016584,,"Neva Wave Dartagnan",7,"לברדור רטריבר ",414802,0
1560,2606,1005016,,"VikVal Britney Jean Spears",7,"לברדור רטריבר ",414803,0
1560,2606,1000163,,"RUBY CROWN HIVA-OA",7,"לברדור רטריבר ",414803,0
1560,2606,1026864,"BACK FROM THE FUTURE",,8,"גולדן רטריבר ",414806,0
1560,2606,1025933,יסמין,,8,"גולדן רטריבר ",414809,0
1560,2606,1026999,אולי,,8,"גולדן רטריבר ",414809,0
1560,2606,1021752,"צ'גו CHEGO",,8,"גולדן רטריבר ",414812,0
1560,2606,1025487,,"Angelonato Lover's Nocturne",8,"גולדן רטריבר ",414812,0
1560,2606,1018860,Aphrodita,,8,"גולדן רטריבר ",414813,0
1560,2606,1016562,,"Dewmist Back In Town",8,"גולדן רטריבר ",414814,0
1560,2606,1000796,אוניקס,,8,"גולדן רטריבר ",414814,0
1560,2606,1023787,,"Tramin Power Play",8,"גולדן רטריבר ",414814,0
1560,2606,1001970,"Amore Mia",,8,"גולדן רטריבר ",414815,0
1560,2606,19206,,"Dzhalis Unicorn Stare",8,"גולדן רטריבר ",414818,0
1560,2606,1001969,"Arina Grande",,8,"גולדן רטריבר ",414819,0
1560,2606,15556,,"Dewmist Globalizer",8,"גולדן רטריבר ",414820,0
1560,2606,1020661,,"Elen's Klondaik Kenyan Suneise",34,"קוקר ספניאל אנגלי ",414831,0
1560,2606,1023825,,"Vailex Spens Imperatriza",34,"קוקר ספניאל אנגלי ",414831,0
1560,2606,19291,,"Wagner Iz Sibirskogo Knyajestva",34,"קוקר ספניאל אנגלי ",414834,0
1560,2606,1026835,מלני,,113,"ספרינגר ספניאל אנגלי",414839,0
1560,2606,1025145,"Migel mi Vida",,113,"ספרינגר ספניאל אנגלי",414840,0
1560,2606,1025407,"Beloved Cherry Mulan",,113,"ספרינגר ספניאל אנגלי",414841,0
1560,2606,1019525,,"Chateau de sur incantus",113,"ספרינגר ספניאל אנגלי",414846,0
1560,2606,1020084,,"Countryways Pace",113,"ספרינגר ספניאל אנגלי",414846,0
1560,2606,1020083,,"Countryways Aloe",113,"ספרינגר ספניאל אנגלי",414847,0
1560,2606,1019366,,"Yumisey Ebba Los Angeles",113,"ספרינגר ספניאל אנגלי",414847,0
1560,2606,1020082,,"Countryways Yumble",113,"ספרינגר ספניאל אנגלי",414847,0
1560,2606,151770,"Cherry Blossom Beloved Cheddar","Cherry Blossom Beloved Cheddar",113,"ספרינגר ספניאל אנגלי",414847,0
1560,2606,1004829,,"Foxberryhills August",113,"ספרינגר ספניאל אנגלי",414850,0
1560,2606,1019061,,"Marco Lestres LLacunes",113,"ספרינגר ספניאל אנגלי",414850,0
1560,2606,139484,,"Nof Carmel Beloved Cherry Utah",113,"ספרינגר ספניאל אנגלי",414851,0
1560,2606,1024700,"Apollo of",,116,"וולש ספרינגר ספניאל ",414858,0
1560,2606,1024702,"Venus roman goddess of love of",,116,"וולש ספרינגר ספניאל ",414859,0
1560,2606,1025838,"Eye Catcher",,127,"קוקר ספניאל אמריקאי ",414872,0
1560,2606,1025354,,"Miracle on ice",127,"קוקר ספניאל אמריקאי ",414872,0
1560,2606,1025836,Everglow,,127,"קוקר ספניאל אמריקאי ",414873,0
1560,2606,1025277,"Devil's Advocate",,127,"קוקר ספניאל אמריקאי ",414875,0
1560,2606,1017777,,"OUR HERO RICH",127,"קוקר ספניאל אמריקאי ",414876,0
1560,2606,1000104,,"Ocharovatelnaya Yagoda Malina",127,"קוקר ספניאל אמריקאי ",414879,0
1560,2606,1018807,"Graifner Count Your Blessings",,127,"קוקר ספניאל אמריקאי ",414879,0
1560,2606,1009545,"Secret Eyes Only",,127,"קוקר ספניאל אמריקאי ",414883,0
1560,2606,1021909,AURELIA,,1021,"כלב מים ספרדי",414957,0
1560,2606,19113,,"Prestij Nacii Sancho Pansa",1037,"קלמבר ספניאל",414994,0
1560,2607,1025546,,"SweetChiPepper Pulya",13,"ציוואווה ארוך שיער ",415001,0
1560,2607,1023852,"Jean Paul Gaultier",,13,"ציוואווה ארוך שיער ",415002,0
1560,2607,19110,,"Baronessa Bravo Dzhervolf",13,"ציוואווה ארוך שיער ",415010,0
1560,2607,1021362,"ARCHIBALD le BRAVE GARSON",,55,"בולדוג צרפתי ",415018,0
1560,2607,1020201,FIBI,,55,"בולדוג צרפתי ",415019,0
1560,2607,1017747,"Dushes van",,55,"בולדוג צרפתי ",415020,0
1560,2607,1020938,"Arlanda Ivori Carmen",,55,"בולדוג צרפתי ",415021,0
1560,2607,1017748,"Demi moor",,55,"בולדוג צרפתי ",415021,0
1560,2607,1005925,"Anton Dusen",,55,"בולדוג צרפתי ",415022,0
1560,2607,1006796,"Aidan Golden Boy",,55,"בולדוג צרפתי ",415022,0
1560,2607,152442,"Ludwiga Royalty ","Ludwiga Royalty ",55,"בולדוג צרפתי ",415023,0
1560,2607,1006794,"Acidanthera Terra Nova",,55,"בולדוג צרפתי ",415023,0
1560,2607,152441,La-Vara,La-Vara,55,"בולדוג צרפתי ",415023,0
1560,2607,137804,,"Ulianna van",55,"בולדוג צרפתי ",415027,0
1560,2607,1020985,,"SHUVALOFF SORRY NOT SORRY",77,"פודל ענק שח.חו.לב",415036,0
1560,2607,1020784,,"Dream Line",77,"פודל ענק שח.חו.לב",415037,0
1560,2607,1004148,"Aroyal Chic",,77,"פודל ענק שח.חו.לב",415038,0
1560,2607,19297,,"Vokalist Iz Doma Duval",77,"פודל ענק שח.חו.לב",415042,0
1560,2607,1003999,,"Best Performance Brendl Buk",78,"פודל בינוני שח.חו.לב",415058,0
1560,2607,152453,סאמר,"Summer Poodleman",78,"פודל בינוני שח.חו.לב",415059,0
1560,2607,143424,"Hello! t's Me","Hello! It's Me",79,"פודל ננסי שח.חו.לב",415075,0
1560,2607,1026411,EMILY,,86,"בישון פריזה ",415081,0
1560,2607,1024869,DARA-SAPIR,,86,"בישון פריזה ",415083,0
1560,2607,148372,Sky,Sky,86,"בישון פריזה ",415087,0
1560,2607,147386,,Brian,86,"בישון פריזה ",415090,0
1560,2607,152662,"Charlize Chloe","Charlize Chloe",86,"בישון פריזה ",415091,0
1560,2607,1016572,Loona,,86,"בישון פריזה ",415091,0
1560,2607,1026183,lollipop,,87,"פקינז ",415099,0
1560,2607,1006460,"Benjamin Imperial Nobleman",,87,"פקינז ",415106,0
1560,2607,1016749,,"Magic Talisman Diantes Sanches",87,"פקינז ",415106,0
1560,2607,1021977,"STUART FABIOLA",,89,"בוסטון טרייר ",415115,0
1560,2607,1021656,"Katyusha Silk Road",,89,"בוסטון טרייר ",415115,0
1560,2607,1021319,"Heart of Gold",,89,"בוסטון טרייר ",415115,0
1560,2607,1020126,Crembo,,89,"בוסטון טרייר ",415116,0
1560,2607,1016967,Thor,,89,"בוסטון טרייר ",415116,0
1560,2607,1020134,Panda,,89,"בוסטון טרייר ",415117,0
1560,2607,1016386,Richi,,89,"בוסטון טרייר ",415117,0
1560,2607,1021249,,"Heartily Sterling",89,"בוסטון טרייר ",415118,0
1560,2607,1020128,Cherry,,89,"בוסטון טרייר ",415119,0
1560,2607,1016382,,"Anvire Virtuoz",89,"בוסטון טרייר ",415122,0
1560,2607,1002141,"Elements of Style",,89,"בוסטון טרייר ",415122,0
1560,2607,153299,,"One In A Million",89,"בוסטון טרייר ",415123,0
1560,2607,1004305,Trixy,,89,"בוסטון טרייר ",415123,0
1560,2607,139766,,"Queen Of Hearts",89,"בוסטון טרייר ",415123,0
1560,2607,1024233,"sweetchipepper cash",,91,"ציוואווה קצר שיער ",415130,0
1560,2607,1016533,,"Baronessa Bravo Chika",91,"ציוואווה קצר שיער ",415139,0
1560,2607,1002822,"Sam Samuel",,92,"לאסה אפסו",415154,0
1560,2607,1027315,,"Saffron Sherhy Twist",93,שי-צו,415160,0
1560,2607,1022258,Lollipop,,93,שי-צו,415163,0
1560,2607,1022264,luka,,93,שי-צו,415163,0
1560,2607,1022780,,JOE KIDD,93,שי-צו,415164,0
1560,2607,1022274,"cheri lady",,93,שי-צו,415165,0
1560,2607,1016691,משמש,Mismis,93,שי-צו,415167,0
1560,2607,1003687,,Toy,93,שי-צו,415170,0
1560,2607,1000241,,"Solaris Avis Y'Starlight In My Life",93,שי-צו,415170,0
1560,2607,147066,מלק,Melek,93,שי-צו,415170,0
1560,2607,1022927,Gloria,,93,שי-צו,415171,0
1560,2607,121421,,"Olimpic Champion",93,שי-צו,415173,0
1560,2607,1017114,Jasmin,,94,מלטזי,415181,0
1560,2607,1025066,,"Diabolbric's Rock My World",96,"פאג ",415194,0
1560,2607,1020837,,"Shanel Number One Kharchenko's Pearl",96,"פאג ",415203,0
1560,2607,1000273,,"Irka Halinfor Charm",96,"פאג ",415203,0
1560,2607,1026917,"Ray COURAGE",,98,"צ'ין יפני ",415206,0
1560,2607,1026919,,CASSIOPEIA,98,"צ'ין יפני ",415207,0
1560,2607,1026006,,"Anfison Elvin Dance Of My Heart",98,"צ'ין יפני ",415208,0
1560,2607,1026878,,"Anfison Jozephine Charlotte Golden Pearl",98,"צ'ין יפני ",415209,0
1560,2607,1022839,,"Mary Forever Best Of Best",98,"צ'ין יפני ",415211,0
1560,2607,1021183,,"Marlene Dietrich",98,"צ'ין יפני ",415211,0
1560,2607,1019403,,BOOMBASTIC,98,"צ'ין יפני ",415212,0
1560,2607,1023737,,"Nehama For Delis Sakura Ila",98,"צ'ין יפני ",415213,0
1560,2607,1011817,Miyoshi,,98,"צ'ין יפני ",415218,0
1560,2607,1017708,"luxury sweets",,98,"צ'ין יפני ",415218,0
1560,2607,1005371,Tiffany,,98,"צ'ין יפני ",415219,0
1560,2607,16830,,"Delis Sakura Aikyo No Moto",98,"צ'ין יפני ",415220,0
1560,2607,1021472,MOLLY,,105,"קבלייר קינג צ'רלס ספניאל",415227,0
1560,2607,1021058,צ'ארלי,Charlie,105,"קבלייר קינג צ'רלס ספניאל",415228,0
1560,2607,1019600,דונה,,105,"קבלייר קינג צ'רלס ספניאל",415229,0
1560,2607,1006484,Maggie,,105,"קבלייר קינג צ'רלס ספניאל",415231,0
1560,2607,151551,nikita,nikita,105,"קבלייר קינג צ'רלס ספניאל",415231,0
1560,2607,1003968,,"Arrowbien Humphrey Bogart",105,"קבלייר קינג צ'רלס ספניאל",415234,0
1560,2607,1000743,,"Yagredzh Admiral",105,"קבלייר קינג צ'רלס ספניאל",415234,0
1560,2607,1000226,,"Granny's Chips Giulietta-Bl",105,"קבלייר קינג צ'רלס ספניאל",415235,0
1560,2607,1007193,"Mona Lisa",,105,"קבלייר קינג צ'רלס ספניאל",415235,0
1560,2607,1021725,"NADIR NASIH BRING YOU LIGHT CHUBI",,152,"גריפון בריסלי ",415276,0
1560,2607,1021727,"NIXIE NEALA BRIGHT STAR",,152,"גריפון בריסלי ",415279,0
1560,2607,150917,Rett,"Lolaks Rett",156,"כלב סיני מצוייץ ",415298,0
1560,2607,1022121,מיקה,Mika,161,"בישון הוואנז ",415307,0
1560,2607,1006542,Evgenia,,161,"בישון הוואנז ",415315,0
1560,2607,1024724,Newton,,165,פפיון,415320,0
1560,2607,1024169,,"Optimizmo Midnight Dancer",165,פפיון,415322,0
1560,2607,1024889,,AMARETTO,165,פפיון,415322,0
1560,2607,1024890,Abigail,,165,פפיון,415323,0
1560,2607,1022379,,"Game Start Again Forussi",165,פפיון,415325,0
1560,2607,1018103,"Celeste Chiara Spirito Vitale",,165,פפיון,415325,0
1560,2607,1020830,,"Lensky Gryffindor",165,פפיון,415326,0
1560,2607,1016305,Gorgeous,,165,פפיון,415326,0
1560,2607,19308,,"Luxury Favorit Darling Danny",165,פפיון,415330,0
1560,2607,1017309,,"NATALI LATOZH DIAMOND FERZ",165,פפיון,415330,0
1560,2607,150924,"Coca Cola","Coca Cola",165,פפיון,415331,0
1560,2607,145560,"laslao barbara pinzel","laslao barbara pinzel",165,פפיון,415331,0
1560,2607,1002194,"Easy of Laslao",,165,פפיון,415331,0
1560,2607,1025376,,"CYMBIDIUM MARVEL",171,"פודל ענק אפ.זה",415338,0
1560,2607,1025378,,"CORAL REEF",171,"פודל ענק אפ.זה",415338,0
1560,2607,1001137,,"Lumiere Carrington Sunshine Flowers Magnolia",171,"פודל ענק אפ.זה",415347,0
1560,2607,16121,,"Armando My Waimea",171,"פודל ענק אפ.זה",415348,0
1560,2607,1000231,,"Imposant Iz Mimoletnogo Videnija",174,"פודל בינוני אפ.זה",415362,0
1560,2607,1024874,"Bambina Piccolina",,175,"פודל ננסי אפ.זה",415369,0
1560,2607,1025534,,"It's All About Me",175,"פודל ננסי אפ.זה",415371,0
1560,2607,1008950,"Irish Cream My Love",,175,"פודל ננסי אפ.זה",415373,0
1560,2607,1001438,,"Amaterasu O Mi Kami Jazz",175,"פודל ננסי אפ.זה",415378,0
1560,2607,151087,,"Tea Rose",175,"פודל ננסי אפ.זה",415379,0
1560,2607,19185,,"Deliss Serpantin Sakura",175,"פודל ננסי אפ.זה",415379,0
1560,2607,1018050,,"Vlastelin Kolec Churchill",185,"גריפון בלגי ",415438,0
1560,2607,1024938,Chimichurri,,191,"קוטון דה טולאר ",415448,0
1560,2607,1012421,Chip,,191,"קוטון דה טולאר ",415454,0
1560,2607,1024591,"GIOVANNA NERA",,202,"טוי רוסי ארוך שיער ",415467,0
1560,2607,1019032,,"Royal Art Zhezola",202,"טוי רוסי ארוך שיער ",415469,0
1560,2607,1017662,"Rare Diamond",,202,"טוי רוסי ארוך שיער ",415469,0
1560,2607,150811,MIKI,MIKI,202,"טוי רוסי ארוך שיער ",415474,0
1560,2607,150810,LINDA,LINDA,202,"טוי רוסי ארוך שיער ",415475,0
1560,2607,1026785,,"Serdtse Eliya Neptun",204,"טוי רוסי קצר שיער ",415484,0
1560,2607,1020838,,"Advanture Ot Newskogo Hobbita",1000,"קינג צ'ארלס ספניאל",415500,0
1560,2607,1021347,,"Barselona Ot Nevskogo Hobbita",1000,"קינג צ'ארלס ספניאל",415501,0
1560,2607,1021093,,"Akvarel Ot Nevskogo Hobbita",1000,"קינג צ'ארלס ספניאל",415503,0
1560,2607,1021094,,"Zhen Shen Ot Nevskogo Hobbita",1000,"קינג צ'ארלס ספניאל",415506,0
1560,2607,1024431,,"ANGELS CRISTI TOKYO LIN STYLE",1043,"פודל זעיר שח.חו.לב",415547,0
1560,2607,1002263,"Alfayur Aurora Sunrise",,1043,"פודל זעיר שח.חו.לב",415551,0
1560,2607,1021469,,"LOUIS VUITTON",1044,"פודל זעיר אפ.זה",415562,0
1560,2607,1025491,,"Yu Dzhim Iz Vodevilya",1044,"פודל זעיר אפ.זה",415562,0
1560,2607,1026528,,"Gently Born Eddie Barclay",1044,"פודל זעיר אפ.זה",415562,0
1560,2607,1020759,טוטו,Toto,1044,"פודל זעיר אפ.זה",415564,0
1560,2607,1002853,"Bringing back to you",,1044,"פודל זעיר אפ.זה",415567,0
1560,2608,1023220,,"Monterun Star Barinya At Yumilite",81,"בורזוי ",415675,0
1560,2608,1020490,,"Drug Serebryanyiy Pandora Yumilite",81,"בורזוי ",415677,0
1560,2608,1020352,"Fantastic Fame",,81,"בורזוי ",415677,0
1560,2608,1020348,"Fifty Shades of Love",,81,"בורזוי ",415679,0
1560,2608,148965,"Cody Cloud Storm","Cody Cloud Storm",81,"בורזוי ",415682,0
1560,2608,1016212,,"Ariadna Yumilite iz Razdolia",81,"בורזוי ",415683,0
1560,2608,1021964,,"Joy Banana Split",83,וויפט,415707,0
1560,2608,1021965,"Joy Strawberry Tut",,83,וויפט,415707,0
1560,2608,1024448,,"Let Me Feel Your Love",83,וויפט,415707,0
1560,2608,146610,"Hedy Lamarr Wind Speed","Hedy Lamarr Wind Speed",83,וויפט,415711,0
1560,2608,1018599,"I Love Bamby",,83,וויפט,415711,0
1560,2608,1003057,"Fancy Tigres",,83,וויפט,415714,0
1560,2608,126271,,Tintaglia,83,וויפט,415717,0
1560,2608,1020676,Cobra,,84,"סאלוקי ",415722,0
1560,2608,1020678,"Ya Rochi",,84,"סאלוקי ",415722,0
1560,2608,1024970,Eass,,84,"סאלוקי ",415722,0
1560,2608,1024968,Esenia,,84,"סאלוקי ",415723,0
1560,2608,1020679,Risha,,84,"סאלוקי ",415723,0
1560,2608,1024967,Elza,,84,"סאלוקי ",415723,0
1560,2608,1019715,גריזל,,84,"סאלוקי ",415724,0
1560,2608,1020115,"Bold Spirit",,84,"סאלוקי ",415724,0
1560,2608,1020114,"Brave Heart",,84,"סאלוקי ",415724,0
1560,2608,1020682,Kaya,,84,"סאלוקי ",415725,0
1560,2608,1003176,"AMARI LOVE",,84,"סאלוקי ",415726,0
1560,2608,137919,"המלך חוסיין","The King Hussein",84,"סאלוקי ",415726,0
1560,2608,151507,"STAR OF DAVID","STAR OF DAVID",84,"סאלוקי ",415730,0
1560,2608,151502,"Simeni Kahotam Al Libeha","Simeni Kahotam Al Libeha",84,"סאלוקי ",415730,0
1560,2608,149030,"Kekeshem Hachaim Ninja","Kekeshem Hachaim Ninja",84,"סאלוקי ",415730,0
1560,2608,504873,"Yasmin Ashachra","Yasmin Ashachra",84,"סאלוקי ",415731,0
1560,2608,1026770,kia,,112,"כלב רוח איטלקי",415755,0
1560,2608,1010907,"cold Mountainin",,112,"כלב רוח איטלקי",415759,0
1560,2608,1002668,ARTEMIS,,112,"כלב רוח איטלקי",415763,0
1560,2608,1000310,,"Onegin Ulrikh",112,"כלב רוח איטלקי",415764,0
